-- phpMyAdmin SQL Dump
-- version 5.0.1
-- https://www.phpmyadmin.net/
--
-- Host: 127.0.0.1
-- Generation Time: Aug 26, 2020 at 03:55 PM
-- Server version: 10.4.11-MariaDB
-- PHP Version: 7.4.3

SET SQL_MODE = "NO_AUTO_VALUE_ON_ZERO";
SET AUTOCOMMIT = 0;
START TRANSACTION;
SET time_zone = "+00:00";


/*!40101 SET @OLD_CHARACTER_SET_CLIENT=@@CHARACTER_SET_CLIENT */;
/*!40101 SET @OLD_CHARACTER_SET_RESULTS=@@CHARACTER_SET_RESULTS */;
/*!40101 SET @OLD_COLLATION_CONNECTION=@@COLLATION_CONNECTION */;
/*!40101 SET NAMES utf8mb4 */;

--
-- Database: `laundry`
--

-- --------------------------------------------------------

--
-- Table structure for table `tb_detail_transaksi`
--

CREATE TABLE `tb_detail_transaksi` (
  `id` int(11) NOT NULL,
  `id_transaksi` int(11) NOT NULL,
  `id_paket` int(11) NOT NULL,
  `qty` double NOT NULL,
  `keterangan` text NOT NULL
) ENGINE=InnoDB DEFAULT CHARSET=utf8mb4;

--
-- Dumping data for table `tb_detail_transaksi`
--

INSERT INTO `tb_detail_transaksi` (`id`, `id_transaksi`, `id_paket`, `qty`, `keterangan`) VALUES
(26082051, 26082040, 19082086, 123, '123'),
(26082062, 26082049, 19082057, 123, '123123'),
(26082091, 26082073, 19082057, 123, '21');

-- --------------------------------------------------------

--
-- Table structure for table `tb_member`
--

CREATE TABLE `tb_member` (
  `id` int(11) NOT NULL,
  `nama` varchar(100) NOT NULL,
  `alamat` text NOT NULL,
  `jenis_kelamin` enum('L','P','','') NOT NULL,
  `tlp` varchar(15) NOT NULL
) ENGINE=InnoDB DEFAULT CHARSET=utf8mb4;

--
-- Dumping data for table `tb_member`
--

INSERT INTO `tb_member` (`id`, `nama`, `alamat`, `jenis_kelamin`, `tlp`) VALUES
(18082097, 'Adrian William Alvin', 'testsetes', 'L', '081119'),
(26082082, 'Michael Rio Agustino Tan', 'city resort hawai', 'L', '087887059893');

-- --------------------------------------------------------

--
-- Table structure for table `tb_outlet`
--

CREATE TABLE `tb_outlet` (
  `id` int(11) NOT NULL,
  `nama` varchar(100) NOT NULL,
  `alamat` text NOT NULL,
  `tlp` varchar(15) NOT NULL
) ENGINE=InnoDB DEFAULT CHARSET=utf8mb4;

--
-- Dumping data for table `tb_outlet`
--

INSERT INTO `tb_outlet` (`id`, `nama`, `alamat`, `tlp`) VALUES
(19082029, 'Angel Efendi', 'asdasd', '12'),
(19082090, 'Adrian William Alvin', 'www', '081119');

-- --------------------------------------------------------

--
-- Table structure for table `tb_paket`
--

CREATE TABLE `tb_paket` (
  `id` int(11) NOT NULL,
  `id_outlet` int(11) NOT NULL,
  `jenis` enum('kiloan','selimut','bed_cover','kaos','lain') NOT NULL,
  `nama_paket` varchar(100) NOT NULL,
  `harga` int(11) NOT NULL
) ENGINE=InnoDB DEFAULT CHARSET=utf8mb4;

--
-- Dumping data for table `tb_paket`
--

INSERT INTO `tb_paket` (`id`, `id_outlet`, `jenis`, `nama_paket`, `harga`) VALUES
(19082057, 19082029, 'kiloan', 'hahahaha', 89000),
(19082086, 19082090, 'lain', 'sss', 4500),
(19082089, 19082029, 'kiloan', 'gggg', 123456789);

-- --------------------------------------------------------

--
-- Table structure for table `tb_transaksi`
--

CREATE TABLE `tb_transaksi` (
  `id` int(11) NOT NULL,
  `id_outlet` int(11) NOT NULL,
  `kode_invoice` varchar(100) NOT NULL,
  `id_member` int(11) NOT NULL,
  `tgl` datetime NOT NULL,
  `batas_waktu` datetime NOT NULL,
  `tgl_bayar` datetime NOT NULL,
  `biaya_tambahan` int(11) NOT NULL,
  `diskon` double NOT NULL,
  `pajak` int(11) NOT NULL,
  `status` enum('baru','proses','selesai','diambil') NOT NULL,
  `dibayar` enum('dibayar','belum_dibayar','','') NOT NULL,
  `id_user` int(11) NOT NULL
) ENGINE=InnoDB DEFAULT CHARSET=utf8mb4;

--
-- Dumping data for table `tb_transaksi`
--

INSERT INTO `tb_transaksi` (`id`, `id_outlet`, `kode_invoice`, `id_member`, `tgl`, `batas_waktu`, `tgl_bayar`, `biaya_tambahan`, `diskon`, `pajak`, `status`, `dibayar`, `id_user`) VALUES
(26082040, 19082029, '26082043', 26082082, '2020-08-26 03:16:41', '2020-08-24 23:59:00', '2020-08-26 03:08:32', 23, 123, 10, 'diambil', 'dibayar', 1),
(26082049, 19082090, '26082054', 26082082, '2020-08-26 03:18:47', '2020-08-28 23:59:00', '2020-08-26 03:08:56', 23, 20, 10, 'baru', 'dibayar', 1);

-- --------------------------------------------------------

--
-- Table structure for table `tb_user`
--

CREATE TABLE `tb_user` (
  `id` int(11) NOT NULL,
  `nama` varchar(100) NOT NULL,
  `username` varchar(30) NOT NULL,
  `password` text NOT NULL,
  `id_outlet` int(11) NOT NULL,
  `role` enum('admin','kasir','owner','') NOT NULL
) ENGINE=InnoDB DEFAULT CHARSET=utf8mb4;

--
-- Dumping data for table `tb_user`
--

INSERT INTO `tb_user` (`id`, `nama`, `username`, `password`, `id_outlet`, `role`) VALUES
(1, 'admin12', 'admin', 'admin', 19082029, 'admin'),
(1908209059, 'Angel Efendi', 'kasir', 'kasir', 19082090, 'kasir'),
(1908209077, 'owner', 'owner', 'owner', 19082090, 'owner');

--
-- Indexes for dumped tables
--

--
-- Indexes for table `tb_detail_transaksi`
--
ALTER TABLE `tb_detail_transaksi`
  ADD PRIMARY KEY (`id`),
  ADD KEY `id_paket` (`id_paket`),
  ADD KEY `id_transaksi` (`id_transaksi`) USING BTREE;

--
-- Indexes for table `tb_member`
--
ALTER TABLE `tb_member`
  ADD PRIMARY KEY (`id`);

--
-- Indexes for table `tb_outlet`
--
ALTER TABLE `tb_outlet`
  ADD PRIMARY KEY (`id`);

--
-- Indexes for table `tb_paket`
--
ALTER TABLE `tb_paket`
  ADD PRIMARY KEY (`id`),
  ADD KEY `id_outlet` (`id_outlet`);

--
-- Indexes for table `tb_transaksi`
--
ALTER TABLE `tb_transaksi`
  ADD PRIMARY KEY (`id`),
  ADD KEY `id_member` (`id_member`),
  ADD KEY `id_outlet` (`id_outlet`),
  ADD KEY `id_user` (`id_user`) USING BTREE;

--
-- Indexes for table `tb_user`
--
ALTER TABLE `tb_user`
  ADD PRIMARY KEY (`id`),
  ADD KEY `id_outlet` (`id_outlet`);

--
-- Constraints for dumped tables
--

--
-- Constraints for table `tb_detail_transaksi`
--
ALTER TABLE `tb_detail_transaksi`
  ADD CONSTRAINT `tb_detail_transaksi_ibfk_2` FOREIGN KEY (`id_paket`) REFERENCES `tb_paket` (`id`);

--
-- Constraints for table `tb_paket`
--
ALTER TABLE `tb_paket`
  ADD CONSTRAINT `tb_paket_ibfk_1` FOREIGN KEY (`id_outlet`) REFERENCES `tb_outlet` (`id`) ON DELETE CASCADE ON UPDATE CASCADE;

--
-- Constraints for table `tb_transaksi`
--
ALTER TABLE `tb_transaksi`
  ADD CONSTRAINT `tb_transaksi_ibfk_1` FOREIGN KEY (`id_member`) REFERENCES `tb_member` (`id`) ON DELETE NO ACTION ON UPDATE CASCADE,
  ADD CONSTRAINT `tb_transaksi_ibfk_2` FOREIGN KEY (`id_user`) REFERENCES `tb_user` (`id`) ON DELETE NO ACTION ON UPDATE CASCADE,
  ADD CONSTRAINT `tb_transaksi_ibfk_3` FOREIGN KEY (`id_outlet`) REFERENCES `tb_outlet` (`id`) ON DELETE NO ACTION ON UPDATE CASCADE;

--
-- Constraints for table `tb_user`
--
ALTER TABLE `tb_user`
  ADD CONSTRAINT `tb_user_ibfk_1` FOREIGN KEY (`id_outlet`) REFERENCES `tb_outlet` (`id`) ON DELETE NO ACTION ON UPDATE CASCADE;
COMMIT;

/*!40101 SET CHARACTER_SET_CLIENT=@OLD_CHARACTER_SET_CLIENT */;
/*!40101 SET CHARACTER_SET_RESULTS=@OLD_CHARACTER_SET_RESULTS */;
/*!40101 SET COLLATION_CONNECTION=@OLD_COLLATION_CONNECTION */;
